地点,latitude,longitude,活动,门票价格,时间
成都IFS,104.081635,30.654876,繁华市中心购物中心,,
S434,101.8737,30.262053,折多山另一侧风光，宝藏机位拍贡嘎和雅拉。,,
八郎生都村,101.460161,30.328119,被称为甘孜秘境，也被誉为是“离天空最近的牧场’。小众，离天空最近的牧场，可以看到贡嘎雅拉，传统游牧部落.是一个宁静优美原始传统的游牧部落。这里能360°观看贡嘎雪山、雅拉雪山，在阳光照耀下显得格外巍峨，抬头远望，山顶峰壁干仞，常年白雪皑皑，像披雪的牛背般直拱蓝天。八郎生都/鱼子西二选一，视开放情况而定 （备注：鱼子西和八郎生都为户外地，经常会因为当地政策、路况、天气等原因关闭。）八朗生都或鱼子西第四天或者第五天前往，根据路上时间灵活协调。,,
八美镇,101.484205,30.482997,参加龙灯草原赛马节，舞蹈、佛教祈祷和唱歌,,7月才有赛马节，为期两天
巴朗山,102.901099,30.93466,"网红巴郎山隧道,开车翻阅，不是一个细玩景点，高山垂直植物带分布",,
巴旺海,101.844098,29.464932,八望冰川，贡嘎雪山融化的水,,
白塔寺密宗四部坛城,103.590857,30.667982,绚烂辉煌，最高水准的藏传佛教艺术，又叫白塔公园,,
邦普寺,100.102839,29.217887,海子山山脚下，掩映于森林，噶举派白教，探索活佛转世起源，古老而清净的。平时因为僧人们喂养，也有很多肥肥的藏马鸡前来觅食。寺中最重要的都松钦巴金殿里的壁画，值得细细品味，因为壁画故事里，隐藏了活佛转世起源的秘密,,
毕棚沟,102.994424,31.38062,"这里是上帝的调色盘，雪山下的彩林、波光粼粼的湖泊都是值得你来的理由。磐羊湖至燕子岩窝下行路段适合徒步，需要2-2.5小时，沿途的小景点和溪流很漂亮。
网上很多美图出自于磐羊湖，有山有水有森林。燕子岩窝四面雪山环绕，拍照绝美。",,
碧峰峡熊猫基地,102.990758,30.068273,看大熊猫,,
藏羌非遗博物馆,103.820473,33.305132,可以请本地人讲解，亲自说文化，手把手制造藏香藏纸。前往參加手工藏香制作：傳統的藏香制作技藝采用幾十種香料，制作時先把柏樹干鋸成若干小段去皮，再磨成柏樹木泥，和各種香料一起搓揉然后把混合各種香料的柏樹木泥放人牛角内壓擠成型，再經過兩到三天的晾曬，即制成藏香。現場制作藏香后，工作人員會協助完成藏香的晾曬并在藏香晾干后，將藏香郵寄到家中。,,
叉子沟小金县,102.851124,31.193176,夏天很美，野花遍地,,
叉子沟尾垭口,104.406826,30.556641,云海像柔软的棉絮铺满崇山峻岭之间除了风声，安静的只听得自己的心跳…,,
茶馆,104.058603,30.656882,功夫茶表演,,春秋
昌列寺,102.161065,31.907763,世界最大的莲师坐像,,
长坪沟,102.859271,31.012171,古代驿路。茫茫林海里穿梭蔓延,,
长青春科尔寺,100.274224,30.001317,,,
成都博物馆,104.063749,30.657297,提前七天预约，成都悠久历史和深厚文化,,
成都菜市场,104.058289,30.57594,在本地人的带领下学习辨认食材，川菜知识，苍蝇馆子，喝白酒,,
成都川菜博物馆,103.930192,30.895112,体验清朝古法“川菜之魂”酿制工艺，感受传统中坝手工酱油的制作流程和工艺，并亲身体会打酱油的乐趣！，灶王祠祭祀畅游老川菜馆一条街，亲临传统工艺制作现场，使用清代石碓窝舂制辣椒面，手作石磨豆花，现场品尝亲制美味。竹椅、矮桌、盖碗茶，吃花生、嗑瓜子、打麻将，在“坝坝茶”中找回真正的川西市井生活味道。园区内二十余种经典小吃无限量供应；换上专业厨师服，名厨指导亲手制作美味川菜（大约3.5小时体验时间）；提供独立私密包间，使用千年巴西花梨木餐桌就餐；畅饮鲜榨果汁、祖传秘方药膳酒，红酒、泡酒、啤酒免费续杯，更有机会获得当日菜品制作秘方。 成都烹饪课程。学习烹饪，茶文化，盖碗茶，3-4h。参与大师班教做菜，有不同层次,,
成都大熊猫基地,104.138176,30.740573,离市区近，看大熊猫但是人比较多。成都大熊猫繁育研究基地内位于成都市北郊，内有200多只萌态各异、不同年龄段的的大熊猫，由于熊猫喜冷不喜热，建议尽早前往游览，尤其在夏季。,,
成都动物园,104.106009,30.710131,可以看到老虎、狮子、金丝猴、长颈鹿，丹顶鹤、大象等动物，较受欢迎的区域是熊猫馆,,
成都中心茶馆,104.066382,30.656167,品茶,,
川剧变脸餐厅/剧院,104.06673,30.657802,看川剧变脸,,春秋
川剧表演《芙蓉国粹》或《蜀风雅韵》,104.068574,30.651757,"涵盖三国文化和巴蜀民间绝技绝活:川剧、变脸、吐火、木偶、茶艺、滚灯等，为蜀文化一绝
绝迹多年的手影戏，重返民间，鼓乐齐鸣荡气回肠，喜乐无限",,
川主寺镇,103.619922,32.777372,有好酒店,,
春熙路,104.077774,30.655544,繁华市中心购物中心,,
达古冰川,104.040581,30.656402,山顶海拔约4860米，请不要剧烈运动，景区内咖啡厅有大型天然氧吧，如有不适应可以进氧吧休息。4860M观景台是绝佳的视角活动不的气晴朗时，可俯瞰群山、拍摄云雾缭绕的大片。,,
金猴湖+达古湖,103.809787,30.396978,,,
泽桑拉空中花园甘孜,101.652357,29.809605,野花遍地的草甸，近距离看贡嘎雪山，面对着雪山野餐，敬众神,,
大慈寺成都,104.083791,30.654243,天井茶园,,
大渡河谷雅安,102.976672,29.303743,,,
大熊猫国家公园,103.67909,31.147638,进入大熊猫国家森林公园，在巡护科研院带领下进入山野林间就正式进入大熊猫的领地，这里竹子茂盛，林木高大遮天蔽日的阴影下，是大熊猫舒适的环境慢行徒步2公里左右，有幸我们也能遇上可爱的他们。在都江堰,,
都江堰熊猫基地,103.572591,30.862059,志愿者计划近距离接触大熊猫，可能可以喂,,春秋
大邑云中屋,103.40309,30.640399,徒步,,
丹巴,101.89054,30.878618,参观华丽而传统的嘉绒藏族石寨，传说的女儿国，体验当地装作服饰，女儿成人礼体验，有不错的民宿。中路藏寨（嘉绒欢迎仪式｜金花带爬碉楼｜嘉绒藏寨夜话），哈达，青稞酒，祝酒歌。千碉之国。金花带着逛碉楼。住宿不错。村里转白塔祈福，白塔可以看丹巴全景。,,
丹巴梭坡藏寨,101.935666,30.849093,隐藏在世间,,
党岭,101.406818,31.074966,"徒步到风景秀丽的高原湖泊加依拉措 1.5h,州内暂未被开发的海子之一，原始古朴。去这里的公路只能到达村上，继续前行还要骑马，或者步行一个半小时才能到达目的地甲依拉措。",,
甲依拉措甘孜,101.340582,31.062096,,,
稻城亚丁甘孜,100.286793,28.458898,本普寺佛教，藏族家庭摆放，小镇日瓦三座灵山，洛绒牛场骑马前往鲜为人知的蛙湖，牛奶湖五色海藏族老师的家中学习藏书艺术，传统藏族小吃油茶,门票旺季146元/人;淡季120元/人(必须消费)观光车120元/人(往返、必须消费)长线电瓶车费用单程50元/人;往返80元/人(自愿消费)长线骑马费用300-500元/人(自愿消费),春秋
道孚民居,101.12925,30.97473,参观藏式建筑，探访村里最传统的民居之一，听主人讲述这种建筑风格的历史和艺术细节。康巴第一藏房，可以安排欢迎仪式，有四钻酒店,,
叠溪海子,103.681756,32.044279,地震后形成的海子,,
顶果山,101.762095,30.602591,顶果山位于大雪山山脉的北端，这里四面环山，有萶浓郁的民族风情和宗教色彩，中心有一山突起，上面是美丽的草甸，草甸四周又是各种湿带丛林环绕，风景十分优美。在草甸的尽头有一座古朴的苯教寺庙一—拥忠彭错铃，路边飘扬着彩幅，寺庙前还有一个美丽的海子， 天朗气清的时候，蓝天白云倒映在水中，使人仿佛置身于仙境。,,
都江堰大坝,103.580391,31.036524,参观世界上最古老的灌溉系统，水利工程，附近有好酒店,,春秋
杜甫草堂,104.028507,30.660161,,,
峨眉山,103.339087,29.5472,"欣赏雄伟的金色寺庙，自然与信仰，有好酒店。乘坐观光车（约1.5-2小时）抵达雷洞坪-步行约1.5公里至接引殿（海拔2540米）-乘坐索道抵达峨眉山最高点金顶（海拔3377米），游玩后原路返回。全程大概6-8个小时；报国寺，伏虎寺，金顶游览需要额外交钱。1.酒店位于峨眉山海拔 3079 米的金顶，若患有心脏病、高血压、身体不适的年长年幼客人,不宜在高山区入住。2.到达酒店需在报国寺客运中心乘坐景区班车到达雷洞坪，然后步行 1.5 公里到达接引殿后坐缆车抵达金顶。因需要爬山，若您选择入住金顶景区，请仅携带必要物品上山，轻装上阵，大件行李请放置车内。3.金顶索道运行时间段7:00-17:30,为保证您能坐上缆车到山顶，请您务必在旺季12点（淡季14点）前在报国景区坐上旅游观光车；",,
报国寺,103.443027,29.568009,峨眉山报国寺位于峨眉山麓凤凰坪，为峨眉山第一大寺，初建于明万历年间（1573—1619年），清顺治年重建，后在康熙年间取“报国主恩”之意而御赐寺名“报国寺”。,,
华藏寺峨眉山,103.3388,29.520149,峨眉山华藏寺（金顶）位于峨眉山金顶主峰，海拔高度3077米，金殿是华藏寺的其中一殿，所处位置最高，与华藏寺合二为一，统称华藏寺，俗称金顶。这里山高云低，景色壮丽，高48米的“十方普贤”铜像，与日出、云海、佛光、圣灯一起演绎着峨眉山的美景。--此景点为加购景点。,,
二郎山隧道,102.334356,29.9431,网红国旗隧道,,
甘孜寺,99.984285,31.632336,看日落，甘孜县有五钻酒店,,
高原红剧场,104.110783,30.662547,自费观看表演，75分钟,,
格底拉姆康定,101.627256,30.225572,天空之城守候雪山群日落，360雪山群观景平台，需要门票，，离鱼子西不远但是一样出片。作为雅拉雪山的出片旷野，一个360°雪山观景平台在这里仰望雪山群峰：贡嘎雪山群、雅拉雪山、 雅姆神山,,
格木乡,100.13892,29.770593,,,
格聂山,99.673765,29.54781,,,
老榆林/格西草原营地,101.965084,29.950152,贡嘎全线的起点，徒步爱好者必备，日照金山，神山威武，爬雪山过草地，走进原始森林。露营。夏季满地野花，,,
各日马村,101.572985,30.34276,,,
贡嘎寺,101.772364,29.562537,位于贡嘎山主峰脚下，始建于公元十三世纪，是藏传佛教噶玛噶举派 (白教）的三大圣地之一，是藏密五大金刚之一胜乐金刚的道场，同时也是贡嘎山最佳观景点之一。,,
贡嘎雪山,101.819094,29.643714,山脚下徒步,,
冷嘎措,101.705652,29.624555,"近距离观赏贡嘎山的全貌、夕阳下的日落金山、贡嘎幻化倒影, 高山湖泊。十月底一般会关门",,
姑弄村,101.517977,30.352988,小众，人少景美适合露营的川西小村落，可以看到雪山，繁星和银河，可以吃野餐，下午茶，,,
古尔沟,102.461135,31.882046,温泉，有好酒店。入住古尔沟赠送温泉，建议提前准备好泳装，古尔沟因天然温泉而出名，是理县的一个小镇。温泉质量不会很高,,
观音桥,101.657896,31.802561,较好住宿，三钻，观音庙可以撒隆达祈福,,
海子山古冰帽遗址,103.032263,29.734395,第四纪冰川运动在地球上的痕迹，满山遍野的冰漂砾，使这一段路宛如穿行于洪荒世界或卵石星球。,,
四川康定黑石城,101.420354,29.990039,甲居藏寨的替代品,,
黑水,102.987592,32.069268,有好酒店,,
洪雅槽渔滩,103.174982,29.897649,12km徒步 千塔佛国中的隐藏森林环线。野趣丛生的荒废景区，古老的桫椤树群倒映在碧绿的水面，高耸入云的佛塔分布在河岸边的树林中，自然风光与人文历史交相辉映，构成独特的江峽风光。洪雅县位于成都、乐山、雅安三角腹心地带，是大峨眉旅游区西大门。境内森林覆盖率超过71%，负氧离子平均浓度达到国家一级标准。槽渔滩位于有着“雅山雅水”之称的洪雅县青衣江上游，东临雅安碧峰峡，南面与瓦屋山、柳江古镇为邻，周边有乐山大佛、峨眉山、干佛崖等知名景点。,,
红草地甘孜,100.233298,29.10324,一片红彤彤的景致映入眼帘,,9-10月
红海子甘孜,101.778726,30.180763,小众，野生景点，高山海子，雪山碧玉。出现频率非常高，湖泊加上远处的雪山,,
红石滩,102.921359,31.278059,这一天，我们与骆驼峰相伴前行经水打坝，乌龟石，羊满台，红石滩一路高山草甸，牛马成群沉醉在这幅川西高原画卷里！,,
浣花溪,104.029022,30.657467,,,
黄龙风景区,103.833028,32.743163,"五彩瑶池的神秘魅力，岷山主峰底下隐匿的宝藏。乘坐索道上山-换乘观光车-步行至黄龙寺（海拔3568米）-沿栈道游览五彩池（海拔3900米）-步行下山。全程大概3-4个小时；乘坐索道上山，然后步行20分钟或购买观光车票行驶8分钟（阿坝旅游网可买），前往五彩池游览，然后游览黄龙寺，黄龙洞，映月彩池，可索道下山也可以继续向下徒步游玩
无数个钙化池散落在密林间，宛若一幅幅油画，分分钟拍出大世界作品 3-4h。黄龙景区游览建议乘坐索道上山，然后步行至五彩池，游览后再步行下山，可以最大程度游览到精华景点；离川主寺不远，可以坐高铁回成都
4、黄龙观光车（20元/人）目前处于试运营阶段，车票数量少，运行时间（8:00-17:00），最大承载量为5000人次，如您需要，最早可提前14天在公众号“阿坝旅游网”自费购买，旺季现场购买容易售罄。",,
黄龙溪风景区,103.970525,30.317805,穿梭千年古镇黄龙溪,,
鸡丑山,101.511322,29.289034,秋色，开车经过,,
甲居藏寨,101.873369,30.919211,可以住宿，景区晚上会有篝火晚会，看看能不能安排。藏寨主人会送哈达。,,
建设巷,104.102172,30.672677,当地美食,,
金沙考古博物馆,104.012634,30.681709,看中国定居前古代王国的遗址，金太阳鸟，与当时的文化完全不同巨大的金面具上有着巨大的虫眼和凶恶的笑容,,
锦里街,104.049828,30.645994,参观茶馆和商店,,春秋
九龙县,101.507294,29.000348,有ok的住宿,,
九寨沟,103.912874,33.142376,"五彩缤纷， 徒步穿越九寨沟的原始森林珍珠滩瀑布和五彩池与位于九寨沟九个藏族村落之一的藏族家庭共进午餐，看金丝猴。有好酒店。秋天美的不真实，赤橙黄绿青蓝紫。九寨沟分为三条沟，星""丫""字形分布！乘观光车进去第一条是树正沟，到三沟交汇处(诺日朗中心站)以后会分路，左边是则查洼沟(景点较少，建议时间尽量安排短一些)，右边是日则沟(最精华的一条沟，被称为九寨画廊)。
诺日朗中心站是三沟交汇处，也是景区内唯一提供餐饮的地方！这里可以换乘观光车到达三沟的任意一条，或者乘坐出景区的车。夜宿九寨沟内，人山人海也不怕，推窗即是九寨沟如画般的山水独享无人的浪漫夕阳，沉浸式私享浩瀚星空。有藏民家可以住。可以做藏族家访。优先乘坐车辆到原始森林，从上往下玩，然后在诺日朗瀑布乘车去长海，玩长海和五彩池就返回诺日朗最后从诺日朗往下。边走边玩，出景区",,
平武报恩寺,104.532259,32.408619,欣赏一整块木料雕刻而成的千手观音像,,
日泽沟,103.827324,33.047378,,,
中查沟,103.818213,33.295693,"可以骑马骑马骑马，中查沟被称为九寨沟的后花园，3公里长的沟谷里，有5座藏寨古寨若隐若现的在山谷斜坡森林之中

跨上马背绕到古村寨的对面，随马蹄望远登高滚木，柴火，木屋， 瓦片，灌木，森林踏马进入古寨油画中",,
居里寺垭口,101.524624,29.991019,再识贡嘎神颜，可以看贡嘎十二峰日出，贡嘎十二峰秘境,,
康定市,101.95687,29.998544,康定溜溜城，甘孜首府，情歌之城，登贡嘎的话，东西都在这里补给,,
康定木雅塔,101.58683,30.332971,参观由活佛多吉扎西修建，有一系列有序的楼层，代表佛陀并存放珍贵的遗物,,
枯树滩阿坝,102.879114,31.056532,枯树滩原名“隆珠措”。因沙棘树被雪水常年浸泡而枯参差错落的生长在清澈的湖水之中与零落的水杉一起，形成别样景致,,
宽窄巷子,104.053307,30.663869,参观感受清代建筑内设有时尚的咖啡馆、酒吧和精品店,,春秋
奎星楼街,104.053864,30.668365,当地美食,,
喇嘛寺阿坝,103.168748,31.026641,阳光之下，寺前的白塔闪燿金光经幡飘扬，藏民牵着马在庙门经过这里是嘉绒藏族灵魂的归属之地,,
乐山,103.766085,29.552275,“吃”才是打开乐山的正确方式。钵钵鸡、甜皮鸭、豆腐脑、跷脚牛肉、冰粉...只有在私家定制团，才可能有更多的时间在乐山解锁四川美食的半壁江山。位于乐山港的上中顺街-一个既有“诗意的颜值”也有“美食的灵魂”的步行街，非常适合边逛边吃，打卡拍照！,,
乐山大佛,103.772645,29.548848,参观大佛像，世界最大的石刻佛像。乐山游船受天气风速，水位等影响，开停航波动频繁。若园区因客观天气原因取消游船项目，我们会与您协商退款或改至乐山登山游。因受天气原因影响较大，仅限当日购买，分时段预约进入，若园区因客观天气原因取消游船项目，会与悠协商退款。,,
勒多漫因BC营地,101.843026,29.801973,上日乌且营地-日乌且垭口-莫溪沟尾营地（或勒多漫因BC营地）(徒步约16KM，徒步约6-8H),,
冷嘎措,101.705652,29.624555,玉龙西村-泉华滩-冷嘎措 -玉龙西村（徒步约13KM，徒步约6H，乘车约20KM，约0.5H）。贡嘎的一滴眼泪。上帝藏的珍珠，很少被人触碰到。传奇色彩的湖泊,,
理塘,100.269145,29.994228,世界高城，有不错的四钻酒店，康巴汉子在草原驰骋，东顶山日落毛娅草原大气，康巴文化中心，诗经拓印,,
理塘藏戏微博物馆,100.271601,29.999242,藏戏传习所，1.5h 用于祭祀祝祷,,
理塘东山顶,100.276475,29.999542,等候理塘县城全景日，在寺庙后山县城背后。仓央嘉措的情诗，一边是康巴男女约会的圣地，一边是格鲁派修行地这里有康巴汉子赛马队,,
勒通古镇千户藏寨,100.268516,29.99378,古街walk，活佛转世,,
毛娅草原,99.678844,30.294269,马术巡游体验，每年六月到十月有花海，夏天草原会有赛马，在路上可能遇到赛马会，可以一起跳锅庄,,
铁匠山垭口,103.310639,30.498714,途中花海牧场，很多牦牛,,
理塘仁康古街,100.266739,29.993551,丁真工作的博物馆，仓央嘉措微博物馆、康巴人微博物馆、藏戏博物馆、G318旅行记忆微博物馆和喜马拉雅之声微博物馆，尽管具有历史价值的藏品数量非常有限，但是凭借鲜明的主题和具有现代感、设计感的展陈形式让人眼前一亮。,,
理县,103.163284,31.435831,,,
理小路,102.855196,31.361822,"理小路-四川""阿勒泰""雪山、高原、草甸、溪流，木屋，小桥，洗眼之旅，川西的憧憬就这样尽在眼前唾手可得。",,
力曲河畔,99.189651,29.606213,秋色，民宿柴火鸡，环湖轻徒步，湖畔下午茶，湖畔野宴。杨树林和桦树林,,
日头村甘孜,101.540628,29.80754,维系着传统的生活方式，八角形的热么得古碉像守卫一样矗立其中，古碉楼最早是一种防御体系流行于冷兵器时代，如今也是日头村的显著地标，高40 多米，至今800年历史，当地木雅藏族同胞称其“双子高堡”又名“雌雄双碉”，碉楼下的村庙很小，却有着宏愿。日头村的秋日非常漂亮，青稞金黄，牛羊闲步，远离喧嚣。,,
莲宝叶则,101.349631,33.003907,,,
莲花湖甘孜,101.335516,29.372534,有舒适的民宿，吃藏地柴火鸡，天然温泉泉眼，川西的特色浓缩，有小藏寨。星空拍摄，温泉坡森林轻徒，往返3km2h很轻松。莲花湖村过去或者到温泉坡要160一个人，面包车。温泉坡可以泡温泉，泡脚，温泉蛋。,,
两岔河甘孜,102.044867,30.313735,,,
灵岩山,103.614324,31.025855,徒步，二王庙、安澜索桥、南桥等历史古迹,,
露天茶园,103.987825,30.619802,体会成都人特有的休闲节奏,,
泸定,102.234814,29.914103,,,
泸定桥,102.231637,29.9118,,,
泸州花园餐厅,105.414619,28.878676,吃美食,,
泸州老窖旅游景区,105.453603,28.884343,参观怎么做白酒，品尝白酒,,
海子山鹿子图腾,103.032263,29.734395,天然岩画,,
罗锅梁子,100.25997,31.649543,遥望卓达拉雪山（经过点）,,
洛哩措,102.800421,32.096084,绿宝石,,
猫鼻梁小金县,102.84704,30.987878,四姑娘山最佳观景平台之一，观四姑娘全景,,
茂县,103.85332,31.681727,,,
蒙顶山,103.04773,30.075855,参观茶园，品茶,,秋天有银杏，2-3月有山茶花
弥勒山甘孜,102.286783,29.694991,,,
大熊猫国家公园岷山片区,103.67909,31.147638,猎户农户村庄，清朝穆斯林村庄，参观野生大熊猫保护基地，夜间散步驾驶，有机会遇到野生大熊猫或者豹猫、麝猫和猪鼻獾等夜行动物,,
墨石公园,101.5424,30.444886,欣赏全国唯一的高原石林，在高原的雨季，天气的变化会导致这块变质岩的颜色发生巨大变化，变成乌黑的外观。中国地质百慕大，可以用宇航服拍摄像在火星。,,
莫溪沟尾营地,101.756717,29.553611,上日乌且营地-日乌且垭口-莫溪沟尾营地（或勒多漫因BC营地）(徒步约16KM，徒步约6-8H) 可以露营,,
木都垭口甘孜,101.521483,29.790541,感受最壮阔的贡嘎，冬季封闭替代品是黑石城景区,,
木骡子营地,102.874358,31.115535,视野开阔，平缓悠长。夏季格桑花竞相开放我们在么妹峰的庇护下扎营休息，漫天繁星中安然沉睡,,
木雅大寺,101.58683,30.332971,仅次于色达的佛学胜地，转世界最大玛尼石城｜探访被救助的高原野生动物。格日马村内，生动丰富。背靠神山，等待雅拉雪山日落。宁玛派（红教）六大佛寺之一的竹庆寺活佛多吉扎西活佛捐资于1997年建造的，建造时共用了一百多公斤的黄金（也有说是八十公斤。填描石刻经版，寺院听经转经，探访被救助的野生动物。和僧人一起转经,,
乃龙山垭口 甘孜,100.277731,31.826819,,,
奶子沟彩林,102.834345,32.10134,黑水最壮观最精华的彩林区，八十里画廊,,
牛背山,102.376042,29.773772,360观景平台，天文爱好者看星星的地方，,,
七彩甲足阿坝,102.90833,32.122353,比彩虹还绚烂的高山藏寨,,
卡萨湖,100.25997,31.649543,川西北最大的鸟类聚集地,,
卡子拉山云端牧场,100.639354,30.1447,穿越,,
琴台路,104.046869,30.662233,,,
青城山,103.563817,30.9044,参观道教圣地，徒步攀登，在后山有一条20 公里的徒步线路，坐缆车可以快一倍，有瀑布、洞穴和原始森林。青城外山小环线，圆明宫，玉清宫 7km徒步。,,
青羊宫,104.042609,30.661542,看老子的诞生地，八卦亭，隐藏着不同道教神灵的小雕像,,
泉华滩,101.680561,29.587852,媲美黄龙五彩池，鲜为人知，摄影爱好者的天堂,,
人民公园,104.057641,30.65699,百年茶馆盖碗茶，成都人民市井生活。当地人生活的中心，有岩石花园、湖泊和百年老茶馆，挖耳朵的人,,春秋
日隆镇,102.837462,30.996118,有好住宿,,
日乌且垭口 甘孜,101.848317,29.806902,观赏冰川雪山的最佳位置之一，贡嘎无人区的中段，翻越难度最大的垭口,,
三星堆博物馆,104.218621,31.001439,看三星堆，三星堆博物馆为预约制，旺季可能出现门票售罄的情况；如有发生，我们会与您协商退款,,
色达,100.333011,32.268541,大经堂，坛城，寺院咖啡馆，有五钻酒店,,
东嘎寺,100.27615,32.300496,,,
金马草原,100.374759,32.236498,,,
喇荣草原色达,100.29704,32.29432,,,
色其卡村，江巴村,101.577247,30.313645,,,
上海子接待站阿坝,103.705397,32.060863,,,
上木居村,101.648724,29.488089,有住宿,,
上日乌且营地,101.848317,29.806902,格西草原营地-两岔河-下日乌且营地-上日乌且营地(徒步约18KM，徒步约6-8H)。可以露营,,
燊海井,104.787929,29.374344,参观,,
石棉雅安,102.4943,29.05133,玉龙西村-子梅垭口-子梅村-巴王海停车场-石棉（徒步约15KM，徒步约5H，乘车约100KM，约2.5H）有酒店,,
蜀兿剧院·变脸川剧·盖碗茶,104.108524,30.641824,致力于打造老成都新创剧院式茶馆、体验巴蜀魅力表演。在剧场中，观众不仅可以欣赏到正宗的川剧变脸外，我们还准备有丰富多彩，具有四川印象的精品系列节目。在观剧的同时也能细品到四川盖碗茶及中国传统艺术文化的氛围,,
水打坝甘孜,101.678306,28.705201,,,
四川龙桥黑熊救护中心,104.005131,30.827052,观看月熊,,
四姑娘山,102.899998,31.1,蜀山之后，双桥沟，夏日可以高山漂流。双桥沟，长坪沟，海子沟，双桥沟开发完全徒步简单，,,
双桥沟,102.769727,30.980074,雪山脚下的红杉林夏日可以高山漂流，开发完全，徒步较为简单。唯一可以以车代步的。坐观光车到雪山脚下就可以看到红杉林。漫山遍野的野花。双桥沟主要以雪峰、牧场、草地、森林等为主，是四姑娘山最美丽的一条沟，景区内分三段，前段为阴阳谷、五色山等；中段为撵鱼坝、沙辣林等;后段为牛棚子草坪和长河滩等。,,
四姑娘山镇,102.899998,31.1,小镇充满人间烟火，臧式美食应有尽有。,,
松潘古城,103.598276,32.637549,藏族风情浓郁的古城,,
松州古城,103.598276,32.637549,古城遗址+民族风格，松州城是历代兵家必争的边陲军事重镇，是汉民族与少数民族茶马互市的商贸集散地，是我国现存城樯中藏文化的古城遗址。在漫长的历史风兩中，这里的藏、羌、回、汉民族与古城一道历经了无数的战乱兴裒，古城记载和显示着风云变幻,,
苏稽古镇,103.668473,29.58745,峨眉山回成都的路上可以路过参观,,
塔公草原,101.55496,30.32993,雅拉雪山+雅姆雪山日出，可以联系家冬牧场漫游，手作藏家茶歇，有不错的酒店。牧民们的牧场其实分夏牧场和冬牧场，轮换畜牧，塔公草原入秋后牧场会从夏牧场转移到家门口的冬牧场牧民们的生活变成挤奶、分离酥油、捡牛粪、晒牛粪饼、 积攒酥油、去寺院祈福、布施、烤肉、喝酒的一天，这是秋冬牧场的日常主题。,,
塔公寺,101.522306,30.318657,静静地漫步在寺庙内，欣赏僧侣们吟诵经咒、摇响钟声和准备糌粑供品时这里节奏的韵律,,
成都太古里,104.083809,30.653358,时尚购物，繁华市中心购物中心,,
天路十八弯,100.874941,29.996868,,,
自贡兔肉馆,104.770703,29.358024,吃兔肉,,
瓦屋山,102.969421,29.668119,,,
望江楼公园,104.092205,30.629245,"看当地人打麻将，学打麻将
",,
望平街,104.091955,30.655379,成都特色美食小吃，味道正宗价格实惠,,
望平街合江亭,104.083659,30.642929,citywalk,,
文殊院,104.072527,30.675418,参观1000 多年历史的历史圣地，香园茶园，成都最美红墙，成都市内保存最好的佛寺,,春秋
汶川,103.590185,31.476875,,,10-11月是最佳红叶观赏季节
卧龙镇,103.198266,31.039588,经过卧龙，不是一个值得细玩的景点,,
卧龙中华大熊猫苑神树坪基地,103.320388,31.100849,基地内生活有各年龄段大熊猫70余只，归国的明星大熊猫”福宝“，“小奇迹”也生活在这里。,,
伍须海,101.394584,29.177355,藏彝走廊深处，幽绿翡翠，缤纷斑斓。印象川西植物标本DIY，之前关闭多年了。,,
武侯祠,104.047992,30.646168,参观中国古代著名军事战略家诸葛亮的最后安息之地，川西园林代表之作，建筑精美，三国文化,,春秋
夏马龙村私家牧场,101.577247,30.31364,手作藏式茶歇｜游牧生活体验与拍摄｜雪山牧场午餐,,
乡城,99.798116,28.931081,,,
新都桥,101.509559,30.033269,摄影天堂核心区，酒店不错，日车村，日欧村夺让村非常漂亮,,
夺让村,101.518877,29.735228,在新都桥，藏家手作茶歇,,
甲根坝,101.548046,29.842827,秋色，真正原始质朴的自然光影，青杨林变黄，广阔的青稞田园，水磨坊学习怎么做出青稞面,,
日车村新都桥,101.509559,30.033269,摄影师天堂的核心区域，力曲河s弯，有层次的秋色。宫崎骏风格。,,
熊猫谷,103.590005,30.96223,有熊猫志愿者项目,,
雅安,103.041538,30.009998,,,
雅江,101.014366,30.031498,穿越横断山脉云端牧场,,
雅拉雪山,101.592141,30.538864,川西王冠，未登峰，藏区四大神山之一。亚拉雪山下午14:00关闭上山通道，请于14:00之前到达，避免错过时间无法进入景区。,,
雅拉雪山观景平台,101.618675,30.527263,观雅拉,,
羊茸哈达,102.860599,32.103517,被森林包裹的特色藏寨，驻地旅拍，被森林包裹的特色藏寨,,
映秀镇,103.488671,31.055741,,,
鱼子西,101.583305,30.207381,和格底拉姆一般会比较。比较贵的行程有格底拉姆。看日落看山。因冬季鱼子西会因森林防火关闭，格底拉姆和巴郎生都作为备选，届时会根据那个开放前往那个地方,,
玉科草原,101.179043,31.289647,参观青藏高原的天堂，迷人草原，古代雕像，温泉和五色湖，和当地喇嘛进行传统的藏传佛教冥想，体验当地游牧民族生活，骑在藏族小马背上穿越开阔的草海欣赏雪山，挤牛奶和制作牦牛油。康巴牧民帐篷，骑马放牧打乌朵，7、8月可以采摘野生蘑菇,,
玉林路小酒馆,104.056401,30.629547,,,
玉龙拉措,99.119092,31.846564,奶绿色的圣湖，去的路上很漂亮，附近有僧人在这里闭关修炼。雀儿山下，色达出来的时候去,,
玉龙西村 甘孜,101.683405,29.585801,莫溪沟尾营地（勒多漫因BC营地）-玉龙西垭口-玉龙西村(徒步约12KM，徒步约6-8H) 有住宿酒店民宿,,
玉龙西垭口,101.76035,29.80995,,,
月亮湖甘孜,101.331233,29.325717,环湖轻徒步｜湖畔下午茶｜湖畔野宴，搭起天幕，户外桌椅，特色食物，环湖2km轻徒步,,
泽桑拉空中花园甘孜,101.652357,29.809605,可以看到贡嘎，贡嘎雪山等候日落。上面有草甸。和雅哈垭口差不多角度，但是有森林和草。海拔高，较冷。,,
张公桥美食街,103.76892,29.570335,网红小吃街,,
镇江关,103.722219,32.328031,可以坐动车到九寨沟,,
中路藏寨,101.937996,30.889513,参观佛塔、经幡和古老的石塔，在当地家庭学习烹饪家常菜，享用中路独特的风味,,
竹林公园,104.07831,30.458511,看苍鹭和白鹭,,
子梅垭口,101.723028,29.515434,近距离观看贡嘎主峰的好地方，贡嘎最大的观景台。最早被发现的贡嘎经典机位，距离贡嘎主峰仅17.5KM，主峰到河谷6000+米的垂直落差，使这里非常容易形成壮观的云海，在户外圈久负盛名，眺望贡嘎七姊妹，一路光影极美。需要开车换乘前往，自愿,,
尊胜白塔,101.134502,30.970025,在稻城,,